<?xml version="1.0" encoding="UTF-8"?>
<project-private xmlns="http://www.netbeans.org/ns/project-private/1">
    <editor-bookmarks xmlns="http://www.netbeans.org/ns/editor-bookmarks/2" lastBookmarkId="0"/>
    <open-files xmlns="http://www.netbeans.org/ns/projectui-open-files/2">
        <group>
            <file>file:/C:/Users/AB/Desktop/hogwart_Cricket_Accademy/class/connection.php</file>
            <file>file:/C:/Users/AB/Desktop/hogwart_Cricket_Accademy/index.php</file>
            <file>file:/C:/Users/AB/Desktop/hogwart_Cricket_Accademy/info.php</file>
            <file>file:/C:/Users/AB/Desktop/hogwart_Cricket_Accademy/login.php</file>
            <file>file:/C:/Users/AB/Desktop/hogwart_Cricket_Accademy/insertc.php</file>
            <file>file:/C:/Users/AB/Desktop/hogwart_Cricket_Accademy/deletem.php</file>
            <file>file:/C:/Users/AB/Desktop/hogwart_Cricket_Accademy/delete.php</file>
            <file>file:/C:/Users/AB/Desktop/hogwart_Cricket_Accademy/deletec.php</file>
            <file>file:/C:/Users/AB/Desktop/hogwart_Cricket_Accademy/guest.php</file>
        </group>
    </open-files>
</project-private>
